Model,CV Mean,CV Std,Train Accuracy,Test Accuracy,Test Precision,Test Recall,Test F1,Test ROC-AUC
SVM,0.6882020202020203,0.061164344457827896,0.7323943661971831,0.736,0.7037037037037037,0.6909090909090909,0.6972477064220184,0.8205194805194805
Logistic Regression,0.7123434343434344,0.05974200219137369,0.7505030181086519,0.712,0.6862745098039216,0.6363636363636364,0.660377358490566,0.8294805194805195
Random Forest,0.6397575757575757,0.0396977458993176,0.9678068410462777,0.696,0.6666666666666666,0.6181818181818182,0.6415094339622641,0.7588311688311689
Gradient Boosting,0.676020202020202,0.03179887822328901,0.806841046277666,0.664,0.6101694915254238,0.6545454545454545,0.631578947368421,0.801038961038961
K-Nearest Neighbors,0.5593333333333333,0.024518428817907664,0.7344064386317908,0.64,0.5862068965517241,0.6181818181818182,0.6017699115044248,0.7049350649350649
Decision Tree,0.5976969696969697,0.03689391139318207,0.9678068410462777,0.624,0.58,0.5272727272727272,0.5523809523809524,0.6261038961038962
