Model,Pipeline,CV Mean,CV Std,Train Accuracy,Test Accuracy,Test Precision,Test Recall,Test F1,Test ROC-AUC
Logistic Regression,StandardScaler + Model,0.7143434343434343,0.05370626425399926,0.7545271629778671,0.696,0.6666666666666666,0.6181818181818182,0.6415094339622641,0.8105194805194804
Random Forest,StandardScaler + Model,0.6397575757575757,0.0396977458993176,0.9678068410462777,0.696,0.660377358490566,0.6363636363636364,0.6481481481481481,0.7611688311688312
SVM,StandardScaler + Model,0.6801212121212121,0.06649961930275608,0.7867203219315896,0.696,0.673469387755102,0.6,0.6346153846153846,0.7706493506493507
K-Nearest Neighbors,StandardScaler + Model,0.6254747474747475,0.05802519603728883,0.7424547283702213,0.68,0.631578947368421,0.6545454545454545,0.6428571428571429,0.7449350649350649
Gradient Boosting,StandardScaler + Model,0.676020202020202,0.03179887822328901,0.806841046277666,0.664,0.6101694915254238,0.6545454545454545,0.631578947368421,0.801038961038961
Decision Tree,StandardScaler + Model,0.6017373737373738,0.03591635125284334,0.9678068410462777,0.624,0.58,0.5272727272727272,0.5523809523809524,0.6261038961038962
