{
    "accuracy": 0.736,
    "precision": 0.7037037037037037,
    "recall": 0.6909090909090909,
    "f1_score": 0.6972477064220184,
    "roc_auc": 0.8205194805194805,
    "avg_precision": 0.7932002923151353,
    "true_negatives": 54,
    "false_positives": 16,
    "false_negatives": 17,
    "true_positives": 38,
    "specificity": 0.7714285714285715,
    "false_positive_rate": 0.22857142857142856,
    "false_negative_rate": 0.3090909090909091,
    "total_errors": 33,
    "error_rate": 0.264
}